Index,Device Type,Status,IPv4 Address,Port,Enhanced SDK Service Port,Software Version,IPv4 Gateway,HTTP Port,Device Serial Number,Subnet Mask,MAC Address,Encoding Channel(s),DSP Version,Start Time,IPv6 Address,IPv6 GateWay,IPv6 Prefix Length,Support IPv6,IPv6 Modifiable,Support DHCP,IPv4 DHCP Status,Support Hik-Connect,Hik-Connect Status,Hik-Connect Binding Status,Hik-Connect Version
001,DS-2CD2143G2-I,Active,192.168.126.70, 8000,8443,V5.7.14build 231028,192.168.126.1,80,DS-2CD2143G2-I20231223AAWRAY5773886,255.255.255.128,e8-a0-ed-6e-ff-cb, 0,V7.3 build 231027,2025-04-28 09:03:07,::,::,64,Yes,Yes,Yes,OFF,Yes,OFF,N/A,N/A
002,DS-2CD2143G2-I,Active,192.168.126.40, 8000,8443,V5.7.14build 231028,192.168.126.1,80,DS-2CD2143G2-I20231223AAWRAY5774105,255.255.255.128,e8-a0-ed-6f-00-a6, 0,V7.3 build 231027,2025-06-28 01:43:07,::,::,64,Yes,Yes,Yes,OFF,Yes,OFF,N/A,N/A
003,DS-2CD2143G2-I,Active,192.168.126.12, 8000,8443,V5.7.14build 231028,192.168.126.1,80,DS-2CD2143G2-I20231223AAWRAY5773814,255.255.255.128,e8-a0-ed-6e-ff-83, 0,V7.3 build 231027,2025-05-05 11:22:49,::,::,64,Yes,Yes,Yes,OFF,Yes,OFF,N/A,N/A
004,DS-2CD2143G2-I,Active,192.168.126.106, 8000,8443,V5.7.14build 231028,192.168.126.1,80,DS-2CD2143G2-I20231212AAWRAX9069720,255.255.255.128,e8-a0-ed-49-09-2c, 0,V7.3 build 231027,2025-04-28 09:03:34,::,::,64,Yes,Yes,Yes,OFF,Yes,OFF,N/A,N/A
005,DS-2CD2143G0-I,Active,192.168.126.123, 8000,8443,V5.5.83build 190221,192.168.126.1,80,DS-2CD2143G0-I20190530AAWRD24963417,255.255.255.128,68-6d-bc-4f-25-44, 0,V7.3 build 190124,2025-07-05 12:02:28,::,::,64,Yes,Yes,Yes,OFF,Yes,OFF,N/A,N/A
006,DS-2CD2143G2-I,Active,192.168.126.115, 8000,8443,V5.7.14build 231028,192.168.124.1,80,DS-2CD2143G2-I20231223AAWRAY5773813,255.255.255.128,e8-a0-ed-6e-ff-82, 0,V7.3 build 231027,2025-04-28 09:03:34,::,::,64,Yes,Yes,Yes,OFF,Yes,OFF,N/A,N/A
007,DS-2CD2143G2-I,Active,192.168.126.19, 8000,8443,V5.7.14build 231028,192.168.126.1,80,DS-2CD2143G2-I20231212AAWRAX9069663,255.255.255.128,e8-a0-ed-49-08-f3, 0,V7.3 build 231027,2025-05-05 11:12:39,::,::,64,Yes,Yes,Yes,OFF,Yes,OFF,N/A,N/A
008,DS-2CD2143G2-I,Active,192.168.126.23, 8000,8443,V5.7.14build 231028,192.168.126.1,80,DS-2CD2143G2-I20231223AAWRAY5774385,255.255.255.128,e8-a0-ed-6f-01-be, 0,V7.3 build 231027,2025-05-05 11:12:39,::,::,64,Yes,Yes,Yes,OFF,Yes,OFF,N/A,N/A
009,DS-2CD2143G2-I,Active,192.168.126.41, 8000,8443,V5.7.14build 231028,192.168.126.1,80,DS-2CD2143G2-I20231223AAWRAY5773906,255.255.255.128,e8-a0-ed-6e-ff-df, 0,V7.3 build 231027,2025-06-28 01:43:05,::,::,64,Yes,Yes,Yes,OFF,Yes,OFF,N/A,N/A
010,DS-2CD2143G2-I,Active,192.168.126.108, 8000,8443,V5.7.14build 231028,192.168.126.1,80,DS-2CD2143G2-I20231223AAWRAY5774240,255.255.255.128,e8-a0-ed-6f-01-2d, 0,V7.3 build 231027,2025-04-28 09:03:35,::,::,64,Yes,Yes,Yes,OFF,Yes,OFF,N/A,N/A
011,DS-2CD2143G2-I,Active,192.168.126.75, 8000,8443,V5.7.14build 231028,192.168.126.1,80,DS-2CD2143G2-I20231223AAWRAY5773957,255.255.255.128,e8-a0-ed-6f-00-12, 0,V7.3 build 231027,2025-04-28 09:15:58,::,::,64,Yes,Yes,Yes,OFF,Yes,OFF,N/A,N/A
012,DS-2CD2143G2-I,Active,192.168.126.61, 8000,8443,V5.7.14build 231028,192.168.126.1,80,DS-2CD2143G2-I20231223AAWRAY5774392,255.255.255.128,e8-a0-ed-6f-01-c5, 0,V7.3 build 231027,2025-04-28 09:03:09,::,::,64,Yes,Yes,Yes,OFF,Yes,OFF,N/A,N/A
013,DS-2CD2143G2-I,Active,192.168.126.73, 8000,8443,V5.7.14build 231028,192.168.126.1,80,DS-2CD2143G2-I20231223AAWRAY5774896,255.255.255.128,e8-a0-ed-6f-03-bd, 0,V7.3 build 231027,2025-04-28 09:03:05,::,::,64,Yes,Yes,Yes,OFF,Yes,OFF,N/A,N/A
014,DS-2CD2143G2-I,Active,192.168.126.111, 8000,8443,V5.7.14build 231028,192.168.126.1,80,DS-2CD2143G2-I20231223AAWRAY5773876,255.255.255.128,e8-a0-ed-6e-ff-c1, 0,V7.3 build 231027,2025-04-28 09:03:35,::,::,64,Yes,Yes,Yes,OFF,Yes,OFF,N/A,N/A
015,DS-2CD2143G2-I,Active,192.168.126.114, 8000,8443,V5.7.14build 231028,192.168.126.1,80,DS-2CD2143G2-I20231223AAWRAY5774918,255.255.255.128,e8-a0-ed-6f-03-d3, 0,V7.3 build 231027,2025-04-28 09:03:32,::,::,64,Yes,Yes,Yes,OFF,Yes,OFF,N/A,N/A
016,DS-2CD2143G2-I,Active,192.168.126.26, 8000,8443,V5.7.14build 231028,192.168.126.1,80,DS-2CD2143G2-I20231223AAWRAY5773952,255.255.255.128,e8-a0-ed-6f-00-0d, 0,V7.3 build 231027,2025-05-05 11:12:41,::,::,64,Yes,Yes,Yes,OFF,Yes,OFF,N/A,N/A
017,DS-2CD2143G2-I,Active,192.168.126.58, 8000,8443,V5.7.14build 231028,192.168.126.1,80,DS-2CD2143G2-I20231223AAWRAY5774383,255.255.255.128,e8-a0-ed-6f-01-bc, 0,V7.3 build 231027,2025-04-28 09:03:07,::,::,64,Yes,Yes,Yes,OFF,Yes,OFF,N/A,N/A
018,DS-2CD2T47G2H-LI,Active,192.168.126.121, 8000,8443,V5.7.14build 231213,192.168.126.1,80,DS-2CD2T47G2H-LI20240202AAWRFA2354924,255.255.255.128,e8-a0-ed-d4-80-97, 0,V7.3 build 231206,2025-07-08 11:24:23,::,::,64,Yes,Yes,Yes,OFF,Yes,OFF,N/A,N/A
019,DS-2CD2143G2-I,Active,192.168.126.94, 8000,8443,V5.7.14build 231028,192.168.126.1,80,DS-2CD2143G2-I20231223AAWRAY5774085,255.255.255.128,e8-a0-ed-6f-00-92, 0,V7.3 build 231027,2025-04-28 09:16:51,::,::,64,Yes,Yes,Yes,OFF,Yes,OFF,N/A,N/A
020,DS-2CD2143G2-I,Active,192.168.126.105, 8000,8443,V5.7.14build 231028,192.168.126.1,80,DS-2CD2143G2-I20231223AAWRAY5773849,255.255.255.128,e8-a0-ed-6e-ff-a6, 0,V7.3 build 231027,2025-04-28 09:16:22,::,::,64,Yes,Yes,Yes,OFF,Yes,OFF,N/A,N/A
021,DS-2CD2143G2-I,Active,192.168.126.110, 8000,8443,V5.7.14build 231028,192.168.126.1,80,DS-2CD2143G2-I20231223AAWRAY5773986,255.255.255.128,e8-a0-ed-6f-00-2f, 0,V7.3 build 231027,2025-04-28 09:05:50,::,::,64,Yes,Yes,Yes,OFF,Yes,OFF,N/A,N/A
022,DS-2CD2T47G2H-LI,Active,192.168.126.117, 8000,8443,V5.7.14build 231213,192.168.126.1,80,DS-2CD2T47G2H-LI20240202AAWRFA2354788,255.255.255.128,e8-a0-ed-d4-80-0f, 0,V7.3 build 231206,2025-04-28 09:03:32,::,::,64,Yes,Yes,Yes,OFF,Yes,OFF,N/A,N/A
023,DS-2CD2143G2-I,Active,192.168.126.98, 8000,8443,V5.7.14build 231028,192.168.126.1,80,DS-2CD2143G2-I20231223AAWRAY5773953,255.255.255.128,e8-a0-ed-6f-00-0e, 0,V7.3 build 231027,2025-04-28 09:03:30,::,::,64,Yes,Yes,Yes,OFF,Yes,OFF,N/A,N/A
024,DS-2CD2143G2-I,Active,192.168.126.66, 8000,8443,V5.7.14build 231028,192.168.126.1,80,DS-2CD2143G2-I20231223AAWRAY5774615,255.255.255.128,e8-a0-ed-6f-02-a4, 0,V7.3 build 231027,2025-04-28 09:15:55,::,::,64,Yes,Yes,Yes,OFF,Yes,OFF,N/A,N/A
025,DS-2CD2143G2-I,Active,192.168.126.60, 8000,8443,V5.7.14build 231028,192.168.126.1,80,DS-2CD2143G2-I20231223AAWRAY5773929,255.255.255.128,e8-a0-ed-6e-ff-f6, 0,V7.3 build 231027,2025-04-28 09:03:09,::,::,64,Yes,Yes,Yes,OFF,Yes,OFF,N/A,N/A
026,DS-7732NI-M4,Active,192.168.126.5, 8000,8443,V5.03.000build 240428,192.168.126.1,80,DS-7732NI-M41620240527CCRRFE9295635WCVU,255.255.255.128,dc-07-f8-41-cf-9e, 0,"V5.0, build 240426",2025-05-05 11:10:41,fe80::de07:f8ff:fe41:cf9e,::,64,Yes,Yes,Yes,OFF,Yes,OFF,Not Bound,V1.0
027,DS-2CD2143G2-I,Active,192.168.126.68, 8000,8443,V5.7.14build 231028,192.168.126.1,80,DS-2CD2143G2-I20231223AAWRAY5774247,255.255.255.128,e8-a0-ed-6f-01-34, 0,V7.3 build 231027,2025-04-28 09:16:31,::,::,64,Yes,Yes,Yes,OFF,Yes,OFF,N/A,N/A
028,DS-2CD2143G2-I,Active,192.168.126.92, 8000,8443,V5.7.14build 231028,192.168.126.1,80,DS-2CD2143G2-I20231223AAWRAY5774831,255.255.255.128,e8-a0-ed-6f-03-7c, 0,V7.3 build 231027,2025-04-28 09:05:45,::,::,64,Yes,Yes,Yes,OFF,Yes,OFF,N/A,N/A
029,DS-2CD2143G2-I,Active,192.168.126.112, 8000,8443,V5.7.14build 231028,192.168.126.1,80,DS-2CD2143G2-I20231223AAWRAY5774123,255.255.255.128,e8-a0-ed-6f-00-b8, 0,V7.3 build 231027,2025-04-28 09:03:37,::,::,64,Yes,Yes,Yes,OFF,Yes,OFF,N/A,N/A
030,DS-2CD2143G2-I,Active,192.168.126.17, 8000,8443,V5.7.14build 231028,192.168.126.1,80,DS-2CD2143G2-I20231213AAWRAX9069543,255.255.255.128,e8-a0-ed-49-08-7b, 0,V7.3 build 231027,2025-05-05 11:12:38,::,::,64,Yes,Yes,Yes,OFF,Yes,OFF,N/A,N/A
031,DS-2CD2143G2-I,Active,192.168.126.72, 8000,8443,V5.7.14build 231028,192.168.126.1,80,DS-2CD2143G2-I20231223AAWRAY5773846,255.255.255.128,e8-a0-ed-6e-ff-a3, 0,V7.3 build 231027,2025-04-28 09:03:09,::,::,64,Yes,Yes,Yes,OFF,Yes,OFF,N/A,N/A
032,DS-2CD2143G2-I,Active,192.168.126.100, 8000,8443,V5.7.14build 231028,192.168.126.1,80,DS-2CD2143G2-I20231223AAWRAY5773818,255.255.255.128,e8-a0-ed-6e-ff-87, 0,V7.3 build 231027,2025-04-28 09:03:29,::,::,64,Yes,Yes,Yes,OFF,Yes,OFF,N/A,N/A
033,DS-2CD2T47G2H-LI,Active,192.168.126.33, 8000,8443,V5.7.14build 231213,192.168.126.1,80,DS-2CD2T47G2H-LI20240131AAWRFA1744210,255.255.255.128,e8-a0-ed-d0-3e-3a, 0,V7.3 build 231206,2025-06-28 01:41:51,::,::,64,Yes,Yes,Yes,OFF,Yes,OFF,N/A,N/A
034,DS-2CD2T47G2H-LI,Active,192.168.126.32, 8000,8443,V5.7.14build 231213,192.168.126.1,80,DS-2CD2T47G2H-LI20240131AAWRFA1744168,255.255.255.128,e8-a0-ed-d0-3e-10, 0,V7.3 build 231206,2025-06-28 01:41:51,::,::,64,Yes,Yes,Yes,OFF,Yes,OFF,N/A,N/A
035,DS-2CD2143G2-I,Active,192.168.126.97, 8000,8443,V5.7.14build 231028,192.168.126.1,80,DS-2CD2143G2-I20231223AAWRAY5774453,255.255.255.128,e8-a0-ed-6f-02-02, 0,V7.3 build 231027,2025-04-28 09:03:29,::,::,64,Yes,Yes,Yes,OFF,Yes,OFF,N/A,N/A
036,DS-2CD2143G2-I,Active,192.168.126.21, 8000,8443,V5.7.14build 231028,192.168.126.1,80,DS-2CD2143G2-I20231212AAWRAX9070115,255.255.255.128,e8-a0-ed-49-0a-b7, 0,V7.3 build 231027,2025-05-05 11:12:39,::,::,64,Yes,Yes,Yes,OFF,Yes,OFF,N/A,N/A
037,DS-2CD2143G2-I,Active,192.168.126.48, 8000,8443,V5.7.14build 231028,192.168.126.1,80,DS-2CD2143G2-I20231223AAWRAY5773827,255.255.255.128,e8-a0-ed-6e-ff-90, 0,V7.3 build 231027,2025-06-28 01:43:04,::,::,64,Yes,Yes,Yes,OFF,Yes,OFF,N/A,N/A
038,DS-2CD2143G2-I,Active,192.168.126.96, 8000,8443,V5.7.14build 231028,192.168.126.1,80,DS-2CD2143G2-I20231223AAWRAY5773938,255.255.255.128,e8-a0-ed-6e-ff-ff, 0,V7.3 build 231027,2025-04-28 09:16:19,::,::,64,Yes,Yes,Yes,OFF,Yes,OFF,N/A,N/A
039,DS-2CD2143G2-I,Active,192.168.126.103, 8000,8443,V5.7.14build 231028,192.168.126.1,80,DS-2CD2143G2-I20231223AAWRAY5773946,255.255.255.128,e8-a0-ed-6f-00-07, 0,V7.3 build 231027,2025-04-28 09:03:39,::,::,64,Yes,Yes,Yes,OFF,Yes,OFF,N/A,N/A
040,DS-2CD2143G2-I,Active,192.168.126.102, 8000,8443,V5.7.14build 231028,192.168.126.1,80,DS-2CD2143G2-I20231223AAWRAY5773951,255.255.255.128,e8-a0-ed-6f-00-0c, 0,V7.3 build 231027,2025-04-28 09:03:38,::,::,64,Yes,Yes,Yes,OFF,Yes,OFF,N/A,N/A
041,DS-2CD2143G2-I,Active,192.168.126.109, 8000,8443,V5.7.14build 231028,192.168.126.1,80,DS-2CD2143G2-I20231223AAWRAY5774176,255.255.255.128,e8-a0-ed-6f-00-ed, 0,V7.3 build 231027,2025-04-28 09:03:36,::,::,64,Yes,Yes,Yes,OFF,Yes,OFF,N/A,N/A
042,DS-2CD2143G2-I,Active,192.168.126.104, 8000,8443,V5.7.14build 231028,192.168.126.1,80,DS-2CD2143G2-I20231223AAWRAY5773892,255.255.255.128,e8-a0-ed-6e-ff-d1, 0,V7.3 build 231027,2025-04-28 09:03:34,::,::,64,Yes,Yes,Yes,OFF,Yes,OFF,N/A,N/A
043,DS-2CD2143G2-I,Active,192.168.126.79, 8000,8443,V5.7.14build 231028,192.168.126.1,80,DS-2CD2143G2-I20231212AAWRAX9070086,255.255.255.128,e8-a0-ed-49-0a-9a, 0,V7.3 build 231027,2025-04-28 09:16:30,::,::,64,Yes,Yes,Yes,OFF,Yes,OFF,N/A,N/A
044,DS-2CD2T47G2H-LI,Active,192.168.126.35, 8000,8443,V5.7.14build 231213,192.168.126.1,80,DS-2CD2T47G2H-LI20240131AAWRFA1744267,255.255.255.128,e8-a0-ed-d0-3e-73, 0,V7.3 build 231206,2025-06-28 01:41:48,::,::,64,Yes,Yes,Yes,OFF,Yes,OFF,N/A,N/A
045,DS-2CD2143G2-I,Active,192.168.126.11, 8000,8443,V5.7.14build 231028,192.168.126.1,80,DS-2CD2143G2-I20231223AAWRAY5774134,255.255.255.128,e8-a0-ed-6f-00-c3, 0,V7.3 build 231027,2025-05-05 11:12:39,::,::,64,Yes,Yes,Yes,OFF,Yes,OFF,N/A,N/A
046,DS-2CD2143G2-I,Active,192.168.126.38, 8000,8443,V5.7.14build 231028,192.168.126.1,80,DS-2CD2143G2-I20231213AAWRAX9069545,255.255.255.128,e8-a0-ed-49-08-7d, 0,V7.3 build 231027,2025-06-28 01:43:04,::,::,64,Yes,Yes,Yes,OFF,Yes,OFF,N/A,N/A
047,DS-2CD2143G2-I,Active,192.168.126.45, 8000,8443,V5.7.14build 231028,192.168.126.1,80,DS-2CD2143G2-I20231213AAWRAX9069560,255.255.255.128,e8-a0-ed-49-08-8c, 0,V7.3 build 231027,2025-06-28 01:43:09,::,::,64,Yes,Yes,Yes,OFF,Yes,OFF,N/A,N/A
048,DS-2CD2143G2-I,Active,192.168.126.63, 8000,8443,V5.7.14build 231028,192.168.126.1,80,DS-2CD2143G2-I20231213AAWRAX9069566,255.255.255.128,e8-a0-ed-49-08-92, 0,V7.3 build 231027,2025-04-28 09:03:09,::,::,64,Yes,Yes,Yes,OFF,Yes,OFF,N/A,N/A
049,DS-2CD2143G2-I,Active,192.168.126.78, 8000,8443,V5.7.14build 231028,192.168.126.1,80,DS-2CD2143G2-I20231223AAWRAY5773944,255.255.255.128,e8-a0-ed-6f-00-05, 0,V7.3 build 231027,2025-04-28 09:15:54,::,::,64,Yes,Yes,Yes,OFF,Yes,OFF,N/A,N/A
050,DS-2CD2143G2-I,Active,192.168.126.37, 8000,8443,V5.7.14build 231028,192.168.126.1,80,DS-2CD2143G2-I20231212AAWRAX9070047,255.255.255.128,e8-a0-ed-49-0a-73, 0,V7.3 build 231027,2025-06-28 01:05:31,::,::,64,Yes,Yes,Yes,OFF,Yes,OFF,N/A,N/A
051,DS-2CD2143G2-I,Active,192.168.126.59, 8000,8443,V5.7.14build 231028,192.168.126.1,80,DS-2CD2143G2-I20231223AAWRAY5774397,255.255.255.128,e8-a0-ed-6f-01-ca, 0,V7.3 build 231027,2025-04-28 09:03:08,::,::,64,Yes,Yes,Yes,OFF,Yes,OFF,N/A,N/A
052,DS-2CD2143G2-I,Active,192.168.126.120, 8000,8443,V5.7.14build 231028,192.168.126.1,80,DS-2CD2143G2-I20231212AAWRAX9070081,255.255.255.128,e8-a0-ed-49-0a-95, 0,V7.3 build 231027,2025-07-08 11:24:27,::,::,64,Yes,Yes,Yes,OFF,Yes,OFF,N/A,N/A
053,DS-2CD2143G2-I,Active,192.168.126.29, 8000,8443,V5.7.14build 231028,192.168.126.1,80,DS-2CD2143G2-I20231213AAWRAX9069548,255.255.255.128,e8-a0-ed-49-08-80, 0,V7.3 build 231027,2025-06-28 01:41:49,::,::,64,Yes,Yes,Yes,OFF,Yes,OFF,N/A,N/A
054,DS-2CD2T47G2H-LI,Active,192.168.126.49, 8000,8443,V5.7.14build 231213,192.168.126.1,80,DS-2CD2T47G2H-LI20240131AAWRFA1744208,255.255.255.128,e8-a0-ed-d0-3e-38, 0,V7.3 build 231206,2025-06-28 01:43:08,::,::,64,Yes,Yes,Yes,OFF,Yes,OFF,N/A,N/A
055,DS-2CD2143G2-I,Active,192.168.126.13, 8000,8443,V5.7.14build 231028,192.168.126.1,80,DS-2CD2143G2-I20231213AAWRAX9069553,255.255.255.128,e8-a0-ed-49-08-85, 0,V7.3 build 231027,2025-05-05 11:12:39,::,::,64,Yes,Yes,Yes,OFF,Yes,OFF,N/A,N/A
056,DS-2CD2143G2-I,Active,192.168.126.52, 8000,8443,V5.7.14build 231028,192.168.126.1,80,DS-2CD2143G2-I20231213AAWRAX9069552,255.255.255.128,e8-a0-ed-49-08-84, 0,V7.3 build 231027,2025-04-28 09:03:12,::,::,64,Yes,Yes,Yes,OFF,Yes,OFF,N/A,N/A
057,DS-2CD2T47G2H-LI,Active,192.168.126.116, 8000,8443,V5.7.14build 231213,192.168.126.1,80,DS-2CD2T47G2H-LI20240131AAWRFA1744254,255.255.255.128,e8-a0-ed-d0-3e-66, 0,V7.3 build 231206,2025-04-28 09:03:31,::,::,64,Yes,Yes,Yes,OFF,Yes,OFF,N/A,N/A
058,DS-2CD2143G2-I,Active,192.168.126.16, 8000,8443,V5.7.14build 231028,192.168.126.1,80,DS-2CD2143G2-I20231213AAWRAX9069561,255.255.255.128,e8-a0-ed-49-08-8d, 0,V7.3 build 231027,2025-05-05 11:12:38,::,::,64,Yes,Yes,Yes,OFF,Yes,OFF,N/A,N/A
059,DS-2CD2143G2-I,Active,192.168.126.18, 8000,8443,V5.7.14build 231028,192.168.126.1,80,DS-2CD2143G2-I20231213AAWRAX9069530,255.255.255.128,e8-a0-ed-49-08-6e, 0,V7.3 build 231027,2025-05-05 11:12:44,::,::,64,Yes,Yes,Yes,OFF,Yes,OFF,N/A,N/A
060,DS-2CD2143G2-I,Active,192.168.126.15, 8000,8443,V5.7.14build 231028,192.168.126.1,80,DS-2CD2143G2-I20231213AAWRAX9069549,255.255.255.128,e8-a0-ed-49-08-81, 0,V7.3 build 231027,2025-05-05 11:12:40,::,::,64,Yes,Yes,Yes,OFF,Yes,OFF,N/A,N/A
061,DS-2CD2143G2-I,Active,192.168.126.62, 8000,8443,V5.7.14build 231028,192.168.126.1,80,DS-2CD2143G2-I20231223AAWRAY5774497,255.255.255.128,e8-a0-ed-6f-02-2e, 0,V7.3 build 231027,2025-04-28 09:03:08,::,::,64,Yes,Yes,Yes,OFF,Yes,OFF,N/A,N/A
062,DS-2CD2T47G2H-LI,Active,192.168.126.119, 8000,8443,V5.7.14build 231213,192.168.126.1,80,DS-2CD2T47G2H-LI20240202AAWRFA2354850,255.255.255.128,e8-a0-ed-d4-80-4d, 0,V7.3 build 231206,2025-07-08 11:24:26,::,::,64,Yes,Yes,Yes,OFF,Yes,OFF,N/A,N/A
063,DS-2CD2T47G2H-LI,Active,192.168.126.14, 8000,8443,V5.7.14build 231213,192.168.126.1,80,DS-2CD2T47G2H-LI20240202AAWRFA2354950,255.255.255.128,e8-a0-ed-d4-80-b1, 0,V7.3 build 231206,2025-05-05 11:12:27,::,::,64,Yes,Yes,Yes,OFF,Yes,OFF,N/A,N/A
064,DS-2CD2143G2-I,Active,192.168.126.69, 8000,8443,V5.7.14build 231028,192.168.126.1,80,DS-2CD2143G2-I20231223AAWRAY5773950,255.255.255.128,e8-a0-ed-6f-00-0b, 0,V7.3 build 231027,2025-04-28 09:15:54,::,::,64,Yes,Yes,Yes,OFF,Yes,OFF,N/A,N/A
065,DS-2CD2143G2-I,Active,192.168.126.93, 8000,8443,V5.7.14build 231028,192.168.126.1,80,DS-2CD2143G2-I20231223AAWRAY5773932,255.255.255.128,e8-a0-ed-6e-ff-f9, 0,V7.3 build 231027,2025-04-28 09:16:19,::,::,64,Yes,Yes,Yes,OFF,Yes,OFF,N/A,N/A
066,DS-2CD2143G2-I,Active,192.168.126.34, 8000,8443,V5.7.14build 231028,192.168.126.1,80,DS-2CD2143G2-I20231223AAWRAY5774932,255.255.255.128,e8-a0-ed-6f-03-e1, 0,V7.3 build 231027,2025-06-28 01:41:52,::,::,64,Yes,Yes,Yes,OFF,Yes,OFF,N/A,N/A
067,DS-2CD2143G2-I,Active,192.168.126.67, 8000,8443,V5.7.14build 231028,192.168.126.1,80,DS-2CD2143G2-I20231223AAWRAY5773870,255.255.255.128,e8-a0-ed-6e-ff-bb, 0,V7.3 build 231027,2025-04-28 09:16:31,::,::,64,Yes,Yes,Yes,OFF,Yes,OFF,N/A,N/A
068,DS-2CD2T47G2H-LI,Active,192.168.126.50, 8000,8443,V5.7.14build 231213,192.168.126.1,80,DS-2CD2T47G2H-LI20240131AAWRFA1744220,255.255.255.128,e8-a0-ed-d0-3e-44, 0,V7.3 build 231206,2025-05-05 11:12:35,::,::,64,Yes,Yes,Yes,OFF,Yes,OFF,N/A,N/A
069,DS-2CD2T47G2H-LI,Active,192.168.126.20, 8000,8443,V5.7.14build 231213,192.168.126.1,80,DS-2CD2T47G2H-LI20240202AAWRFA2354815,255.255.255.128,e8-a0-ed-d4-80-2a, 0,V7.3 build 231206,2025-05-05 11:12:41,::,::,64,Yes,Yes,Yes,OFF,Yes,OFF,N/A,N/A
070,DS-2CD2143G2-I,Active,192.168.126.76, 8000,8443,V5.7.14build 231028,192.168.126.1,80,DS-2CD2143G2-I20231223AAWRAY5774077,255.255.255.128,e8-a0-ed-6f-00-8a, 0,V7.3 build 231027,2025-04-28 09:16:27,::,::,64,Yes,Yes,Yes,OFF,Yes,OFF,N/A,N/A
071,DS-2CD2143G2-I,Active,192.168.126.54, 8000,8443,V5.7.14build 231028,192.168.126.1,80,DS-2CD2143G2-I20231213AAWRAX9069536,255.255.255.128,e8-a0-ed-49-08-74, 0,V7.3 build 231027,2025-04-28 09:03:07,::,::,64,Yes,Yes,Yes,OFF,Yes,OFF,N/A,N/A
072,DS-2CD2143G2-I,Active,192.168.126.101, 8000,8443,V5.7.14build 231028,192.168.126.1,80,DS-2CD2143G2-I20231223AAWRAY5773914,255.255.255.128,e8-a0-ed-6e-ff-e7, 0,V7.3 build 231027,2025-04-28 09:03:32,::,::,64,Yes,Yes,Yes,OFF,Yes,OFF,N/A,N/A
073,DS-2CD2T47G2H-LI,Active,192.168.126.36, 8000,8443,V5.7.14build 231213,192.168.126.1,80,DS-2CD2T47G2H-LI20240131AAWRFA1744260,255.255.255.128,e8-a0-ed-d0-3e-6c, 0,V7.3 build 231206,2025-06-28 01:41:47,::,::,64,Yes,Yes,Yes,OFF,Yes,OFF,N/A,N/A
074,DS-2CD2143G2-I,Active,192.168.126.43, 8000,8443,V5.7.14build 231028,192.168.126.1,80,DS-2CD2143G2-I20231223AAWRAY5773912,255.255.255.128,e8-a0-ed-6e-ff-e5, 0,V7.3 build 231027,2025-06-28 01:43:05,::,::,64,Yes,Yes,Yes,OFF,Yes,OFF,N/A,N/A
075,DS-2CD2T47G2H-LI,Active,192.168.126.122, 8000,8443,V5.7.14build 231213,192.168.126.1,80,DS-2CD2T47G2H-LI20240202AAWRFA2354941,255.255.255.128,e8-a0-ed-d4-80-a8, 0,V7.3 build 231206,2025-07-08 11:24:22,::,::,64,Yes,Yes,Yes,OFF,Yes,OFF,N/A,N/A
076,DS-2CD2143G2-I,Active,192.168.126.55, 8000,8443,V5.7.14build 231028,192.168.126.1,80,DS-2CD2143G2-I20231213AAWRAX9069537,255.255.255.128,e8-a0-ed-49-08-75, 0,V7.3 build 231027,2025-04-28 09:03:08,::,::,64,Yes,Yes,Yes,OFF,Yes,OFF,N/A,N/A
077,DS-2CD2143G2-I,Active,192.168.126.25, 8000,8443,V5.7.14build 231028,192.168.126.1,80,DS-2CD2143G2-I20231213AAWRAX9069481,255.255.255.128,e8-a0-ed-49-08-3d, 0,V7.3 build 231027,2025-05-05 11:12:40,::,::,64,Yes,Yes,Yes,OFF,Yes,OFF,N/A,N/A
078,DS-2CD2143G2-I,Active,192.168.126.44, 8000,8443,V5.7.14build 231028,192.168.126.1,80,DS-2CD2143G2-I20231213AAWRAX9069559,255.255.255.128,e8-a0-ed-49-08-8b, 0,V7.3 build 231027,2025-06-28 01:43:06,::,::,64,Yes,Yes,Yes,OFF,Yes,OFF,N/A,N/A
079,DS-2CD2143G2-I,Active,192.168.126.118, 8000,8443,V5.7.14build 231028,192.168.126.1,80,DS-2CD2143G2-I20231212AAWRAX9069725,255.255.255.128,e8-a0-ed-49-09-31, 0,V7.3 build 231027,2025-07-08 11:16:49,::,::,64,Yes,Yes,Yes,OFF,Yes,OFF,N/A,N/A
080,DS-2CD2143G2-I,Active,192.168.126.99, 8000,8443,V5.7.14build 231028,192.168.126.1,80,DS-2CD2143G2-I20231223AAWRAY5773916,255.255.255.128,e8-a0-ed-6e-ff-e9, 0,V7.3 build 231027,2025-04-28 09:03:28,::,::,64,Yes,Yes,Yes,OFF,Yes,OFF,N/A,N/A
081,DS-2CD2143G2-I,Active,192.168.126.95, 8000,8443,V5.7.14build 231028,192.168.126.1,80,DS-2CD2143G2-I20231223AAWRAY5774611,255.255.255.128,e8-a0-ed-6f-02-a0, 0,V7.3 build 231027,2025-04-28 09:16:18,::,::,64,Yes,Yes,Yes,OFF,Yes,OFF,N/A,N/A
082,DS-2CD2143G2-I,Active,192.168.126.28, 8000,8443,V5.7.14build 231028,192.168.126.1,80,DS-2CD2143G2-I20231223AAWRAY5774088,255.255.255.128,e8-a0-ed-6f-00-95, 0,V7.3 build 231027,2025-06-28 01:41:52,::,::,64,Yes,Yes,Yes,OFF,Yes,OFF,N/A,N/A
083,DS-2CD2143G2-I,Active,192.168.126.30, 8000,8443,V5.7.14build 231028,192.168.126.1,80,DS-2CD2143G2-I20231213AAWRAX9069555,255.255.255.128,e8-a0-ed-49-08-87, 0,V7.3 build 231027,2025-06-28 01:41:49,::,::,64,Yes,Yes,Yes,OFF,Yes,OFF,N/A,N/A
084,DS-2CD2143G2-I,Active,192.168.126.71, 8000,8443,V5.7.14build 231028,192.168.126.1,80,DS-2CD2143G2-I20231223AAWRAY5773770,255.255.255.128,e8-a0-ed-6e-ff-57, 0,V7.3 build 231027,2025-04-28 09:16:28,::,::,64,Yes,Yes,Yes,OFF,Yes,OFF,N/A,N/A
085,DS-2CD2143G2-I,Active,192.168.126.125, 8000,8443,V5.7.14build 231028,192.168.126.1,80,DS-2CD2143G2-I20231223AAWRAY5774253,255.255.255.128,e8-a0-ed-6f-01-3a, 0,V7.3 build 231027,2025-07-08 11:16:49,::,::,64,Yes,Yes,Yes,OFF,Yes,OFF,N/A,N/A
086,DS-2CD2143G2-I,Active,192.168.126.39, 8000,8443,V5.7.14build 231028,192.168.126.1,80,DS-2CD2143G2-I20231212AAWRAX9070118,255.255.255.128,e8-a0-ed-49-0a-ba, 0,V7.3 build 231027,2025-06-28 01:43:08,::,::,64,Yes,Yes,Yes,OFF,Yes,OFF,N/A,N/A
087,DS-2CD2143G2-I,Active,192.168.126.47, 8000,8443,V5.7.14build 231028,192.168.126.1,80,DS-2CD2143G2-I20231223AAWRAY5774902,255.255.255.128,e8-a0-ed-6f-03-c3, 0,V7.3 build 231027,2025-06-28 01:43:07,::,::,64,Yes,Yes,Yes,OFF,Yes,OFF,N/A,N/A
088,DS-2CD2143G2-I,Active,192.168.126.31, 8000,8443,V5.7.14build 231028,192.168.126.1,80,DS-2CD2143G2-I20231223AAWRAY5773884,255.255.255.128,e8-a0-ed-6e-ff-c9, 0,V7.3 build 231027,2025-06-28 01:41:48,::,::,64,Yes,Yes,Yes,OFF,Yes,OFF,N/A,N/A
089,DS-2CD2143G2-I,Active,192.168.126.57, 8000,8443,V5.7.14build 231028,192.168.126.1,80,DS-2CD2143G2-I20231213AAWRAX9069562,255.255.255.128,e8-a0-ed-49-08-8e, 0,V7.3 build 231027,2025-04-28 09:03:08,::,::,64,Yes,Yes,Yes,OFF,Yes,OFF,N/A,N/A
090,DS-2CD2143G2-I,Active,192.168.126.64, 8000,8443,V5.7.14build 231028,192.168.126.1,80,DS-2CD2143G2-I20231213AAWRAX9069485,255.255.255.128,e8-a0-ed-49-08-41, 0,V7.3 build 231027,2025-04-28 09:15:54,::,::,64,Yes,Yes,Yes,OFF,Yes,OFF,N/A,N/A
091,DS-2CD2143G2-I,Active,192.168.126.74, 8000,8443,V5.7.14build 231028,192.168.126.1,80,DS-2CD2143G2-I20231213AAWRAX9069533,255.255.255.128,e8-a0-ed-49-08-71, 0,V7.3 build 231027,2025-04-28 09:15:54,::,::,64,Yes,Yes,Yes,OFF,Yes,OFF,N/A,N/A
092,DS-2CD2143G2-I,Active,192.168.126.46, 8000,8443,V5.7.14build 231028,192.168.126.1,80,DS-2CD2143G2-I20231213AAWRAX9069535,255.255.255.128,e8-a0-ed-49-08-73, 0,V7.3 build 231027,2025-06-28 01:43:05,::,::,64,Yes,Yes,Yes,OFF,Yes,OFF,N/A,N/A
093,DS-2CD2143G2-I,Active,192.168.126.65, 8000,8443,V5.7.14build 231028,192.168.126.1,80,DS-2CD2143G2-I20231223AAWRAY5774089,255.255.255.128,e8-a0-ed-6f-00-96, 0,V7.3 build 231027,2025-04-28 09:16:31,::,::,64,Yes,Yes,Yes,OFF,Yes,OFF,N/A,N/A
094,DS-2CD2143G2-I,Active,192.168.126.27, 8000,8443,V5.7.14build 231028,192.168.126.1,80,DS-2CD2143G2-I20231213AAWRAX9069563,255.255.255.128,e8-a0-ed-49-08-8f, 0,V7.3 build 231027,2025-06-28 01:41:53,::,::,64,Yes,Yes,Yes,OFF,Yes,OFF,N/A,N/A
095,DS-2CD2143G2-I,Active,192.168.126.42, 8000,8443,V5.7.14build 231028,192.168.126.1,80,DS-2CD2143G2-I20231213AAWRAX9069557,255.255.255.128,e8-a0-ed-49-08-89, 0,V7.3 build 231027,2025-06-28 01:43:09,::,::,64,Yes,Yes,Yes,OFF,Yes,OFF,N/A,N/A
096,DS-2CD2143G2-I,Active,192.168.126.77, 8000,8443,V5.7.14build 231028,192.168.126.1,80,DS-2CD2143G2-I20231223AAWRAY5773918,255.255.255.128,e8-a0-ed-6e-ff-eb, 0,V7.3 build 231027,2025-04-28 09:15:55,::,::,64,Yes,Yes,Yes,OFF,Yes,OFF,N/A,N/A
097,DS-2CD2143G2-I,Active,192.168.126.22, 8000,8443,V5.7.14build 231028,192.168.126.1,80,DS-2CD2143G2-I20231223AAWRAY5773771,255.255.255.128,e8-a0-ed-6e-ff-58, 0,V7.3 build 231027,2025-05-05 11:12:40,::,::,64,Yes,Yes,Yes,OFF,Yes,OFF,N/A,N/A
098,DS-2CD2143G2-I,Active,192.168.126.51, 8000,8443,V5.7.14build 231028,192.168.126.1,80,DS-2CD2143G2-I20231223AAWRAY5774457,255.255.255.128,e8-a0-ed-6f-02-06, 0,V7.3 build 231027,2025-04-28 09:03:07,::,::,64,Yes,Yes,Yes,OFF,Yes,OFF,N/A,N/A
099,DS-2CD2143G2-I,Active,192.168.126.107, 8000,8443,V5.7.14build 231028,192.168.126.1,80,DS-2CD2143G2-I20231223AAWRAY5774107,255.255.255.128,e8-a0-ed-6f-00-a8, 0,V7.3 build 231027,2025-04-28 09:03:36,::,::,64,Yes,Yes,Yes,OFF,Yes,OFF,N/A,N/A
100,DS-2CD2143G2-I,Active,192.168.126.53, 8000,8443,V5.7.14build 231028,192.168.126.1,80,DS-2CD2143G2-I20231213AAWRAX9069565,255.255.255.128,e8-a0-ed-49-08-91, 0,V7.3 build 231027,2025-04-28 09:03:07,::,::,64,Yes,Yes,Yes,OFF,Yes,OFF,N/A,N/A
101,DS-2CD2143G2-I,Active,192.168.126.24, 8000,8443,V5.7.14build 231028,192.168.126.1,80,DS-2CD2143G2-I20231223AAWRAY5773812,255.255.255.128,e8-a0-ed-6e-ff-81, 0,V7.3 build 231027,2025-05-05 11:12:45,::,::,64,Yes,Yes,Yes,OFF,Yes,OFF,N/A,N/A
102,DS-2CD2143G2-I,Active,192.168.126.56, 8000,8443,V5.7.14build 231028,192.168.126.1,80,DS-2CD2143G2-I20231213AAWRAX9069546,255.255.255.128,e8-a0-ed-49-08-7e, 0,V7.3 build 231027,2025-04-28 09:03:07,::,::,64,Yes,Yes,Yes,OFF,Yes,OFF,N/A,N/A
103,DS-2CD2143G2-I,Active,192.168.126.113, 8000,8443,V5.7.14build 231028,192.168.126.1,80,DS-2CD2143G2-I20231223AAWRAY5773872,255.255.255.128,e8-a0-ed-6e-ff-bd, 0,V7.3 build 231027,2025-07-10 07:41:48,::,::,64,Yes,Yes,Yes,OFF,Yes,OFF,N/A,N/A
104,DS-7732NI-M4,Active,192.168.126.8, 8000,8443,V5.03.000build 240428,192.168.126.1,80,DS-7732NI-M41620240527CCRRFE9295361WCVU,255.255.255.128,dc-07-f8-41-ce-8c, 0,"V5.0, build 240426",2025-05-05 11:10:39,fe80::de07:f8ff:fe41:ce8c,::,64,Yes,Yes,Yes,OFF,Yes,OFF,Not Bound,V1.0
105,DS-7732NI-M4,Active,192.168.126.7, 8000,8443,V5.03.000build 240428,192.168.126.1,80,DS-7732NI-M41620240527CCRRFE9295771WCVU,255.255.255.128,dc-07-f8-41-d0-26, 0,"V5.0, build 240426",2025-05-05 11:10:39,fe80::de07:f8ff:fe41:d026,::,64,Yes,Yes,Yes,OFF,Yes,OFF,Not Bound,V1.0
106,DS-7732NI-M4,Active,192.168.126.9, 8000,8443,V5.03.000build 240428,192.168.126.1,80,DS-7732NI-M41620240527CCRRFE9295623WCVU,255.255.255.128,dc-07-f8-41-cf-92, 0,"V5.0, build 240426",2025-07-10 06:57:30,fe80::de07:f8ff:fe41:cf92,::,64,Yes,Yes,Yes,OFF,Yes,OFF,Not Bound,V1.0
107,iDS-7232HQHI-M2/S,Active,192.168.126.4, 8000,N/A,V4.71.002build 230113,192.168.126.1,80,iDS-7232HQHI-M2/S3220230327CCWRL45997737WCVU,255.255.255.128,e0-ba-ad-f4-0d-39,32,"V5.0, build 230110",2025-07-10 06:44:57,fe80::e2ba:adff:fef4:d39,::,64,Yes,Yes,Yes,OFF,Yes,OFF,N/A,N/A
108,DS-7732NI-M4,Active,192.168.126.6, 8000,8443,V5.03.000build 240428,192.168.126.1,80,DS-7732NI-M41620240527CCRRFE9295439WCVU,255.255.255.128,dc-07-f8-41-ce-da, 0,"V5.0, build 240426",2025-05-05 11:10:37,fe80::de07:f8ff:fe41:ceda,::,64,Yes,Yes,Yes,OFF,Yes,OFF,Not Bound,V1.0
109,DS-7732NI-M4,Active,192.168.126.10, 8000,8443,V5.03.000build 240428,192.168.126.1,80,DS-7732NI-M41620240527CCRRFE9295363WCVU,255.255.255.128,dc-07-f8-41-ce-8e, 0,"V5.0, build 240426",2025-07-10 06:45:07,fe80::de07:f8ff:fe41:ce8e,::,64,Yes,Yes,Yes,OFF,Yes,OFF,Not Bound,V1.0
